freq,feature
0.4983243642923779,petal length (cm)
0.38603021268428256,petal width (cm)
0.0927888416936258,sepal length (cm)
0.022856581329713806,sepal width (cm)
