freq,feature
0.5059387432709593,petal length (cm)
0.35022978742068933,petal width (cm)
0.11236191604534156,sepal length (cm)
0.03146955326300971,sepal width (cm)
