freq,feature
0.4911188858288793,petal length (cm)
0.38040756158510863,petal width (cm)
0.11111035164453471,sepal length (cm)
0.017363200941477433,sepal width (cm)
